,0
0,personal loan
1,personal loan self
2,personal loan travel
3,personal loan eligibility
4,personal loan emi
5,personal loan chartered
6,personal loan rate
7,loan property
8,loan self
9,personal loan self employed
10,personal
11,loans
12,loan
13,flexi personal loan
14,loan travel
15,assets care
16,loan eligibility
17,loan property eligibility
18,loan shares
19,loan self employed
20,personal loan doctors
21,term loan
22,asset care
23,loan chartered
24,personal loan medical
25,property eligibility
26,personal loan eligibility calculator
27,loan property chartered
28,personal loan wedding
29,personal loan emi calculator
30,msme loan
31,loan balance
32,business loan property
33,assets
34,property
35,loan securities
36,account
37,pension
38,mortgage
39,financing
40,property rates
41,pension scheme
42,payment
43,loan car
44,asset
45,contact details
46,loan rate
47,mortgage loan
48,loan property rates
49,loan fixed deposit
50,property chartered
51,deposit
52,flexi personal loan emi
53,business loan
54,track credit card
55,ehome loan
56,sme msme loan
57,funds
58,deposit plan
59,loan emi
60,insurance
61,fees
62,financial
63,machinery loan
64,demat account
65,loan balance transfer
66,self employed
67,credit card
68,shares
69,insta credit
70,credit
71,capital loan
72,mutual funds
73,warranty
74,inverters
75,business loans
76,credit card payment
77,self
78,card contact
79,loan doctors
80,working capital loan
81,price protection
82,credit card contact
83,insurance offer
84,citizen
85,trading account
86,application status
87,property calculator
88,care
89,card payment
90,indemnity insurance
91,mutual
92,loan property doctors
93,home loan
94,property doctors
95,life insurance
96,credit card eligibility
97,card
98,card contact details
99,application
100,channel financing
101,finance
102,home loan eligibility
103,securities
104,loan property calculator
105,loan fixed
106,education loan property
107,deposits
108,fixed deposit
109,home loan balance
110,used
111,brokerage
112,card application
113,eligibility documents
114,price protection cover
115,card eligibility
116,contact
117,loan eligibility calculator
118,credit card contact details
119,purse care
120,car loan
121,balance transfer
122,backupinverters
123,education loan
124,wallet care
125,demat trading account
126,personal loan medical emergency
127,treatment
128,card offers
129,track credit card application
130,purse
131,home loan emi
132,chartered
133,credit card application
134,services
135,employed
136,value
137,details
138,credit card application status
139,demat trading
140,scheme
141,home loan chartered
142,track credit
143,protection
144,credit card offers
145,machine insurance
146,documents
147,term
148,flexi loan
149,accessories
150,trading
151,banking
152,card application status
153,loan emi calculator
154,personal loan chartered accountants
155,fees charges
156,cost
157,safeguard
158,criteria
159,information
160,brokerage demat
161,hybrid flexi personal loan
162,key
163,equipment
164,check
165,national pension
166,business
167,citizen fd
168,package
169,faqs
170,business loan chartered
171,product
172,national pension scheme
173,credit card eligibility criteria
174,extended warranty
175,eligibility
176,life
177,loan wedding
178,travel
179,emi credit
180,invoice finance
181,athome
182,flexi home loan
183,network card
184,eligibility criteria
185,features
186,price
187,aid
188,flexi personal
189,protection plan
190,home insurance
191,demat
192,travel cost
193,protection cover
194,lloyd
195,charges cover
196,invest
197,insta emi card
198,fixed deposits
199,apply
200,multispeciality
201,narayana
202,status
203,ratings
204,card eligibility criteria
205,town
206,emi credit card
207,invoice
208,cost emi
209,balance
210,restoration
211,courses
212,domestic
213,benefits
214,info
215,pradhan
216,report
217,machine
218,property chartered accountants
219,coverage details
220,vlcc
221,deposit calculator
222,faq
223,cover
224,product info
225,plan
226,diagnostic care
227,charges
228,wear
229,home loan balance transfer
230,ivf
231,haier
232,phone
233,purifier
234,loan chartered accountants
235,loan medical
236,fd eligibility
237,value plus
238,offers
239,indemnity
240,deposit plan sdp
241,reviews
242,eligibility calculator
243,pf
244,senior citizen fd
245,loan property chartered accountants
246,wallet
247,transfer
248,seniority
249,finserv
250,home loan doctors
251,freedom
252,car insurance
253,product information
254,batteries
255,mobile protection
256,mobiles
257,group
258,rates
259,insta
260,watches
261,realme
262,emi card
263,communication
264,watch
265,covid protection
266,zebrscom
267,career
268,curefit
269,traditional
270,security
271,eyewear
272,open demat account
273,loan women
274,view
275,offer
276,group emi card
277,assure
278,yatra
279,makemytrip
280,calculator
281,mobile
282,general
283,godrej
284,machinery
285,financial fitness
286,oneplus
287,pilgrimage cover
288,home town
289,zebrs
290,senior citizen
291,handbag
292,accountants
293,home
294,micom
295,casuals
296,travel cost emi
297,msme
298,covid protection cover
299,aakash
300,motor insurance
301,sabka
302,used car finance
303,shop
304,required documents
305,pmay
306,room
307,brokerage demat trading account
308,allen career
309,poorvika
310,fixed deposit calculator
311,features benefits
312,plus
313,coverage
314,stemcell banking
315,brokerage demat trading
316,hafele
317,channel
318,libra
319,fixed
320,network
321,elgi
322,batra
323,bajaj finserv
324,onida
325,diagnostics
326,phones
327,stemcell
328,working
329,make
330,aakash institute
331,hair
332,track
333,hybrid
334,key safeguard
335,education professional
336,mobile phone
337,cosmetic
338,oppo
339,lg
340,cycle
341,rate
342,domestic holiday cover
343,power
344,required
345,cycle insurance
346,systematic deposit
347,digital
348,awas
349,water
350,poorvika mobiles
351,pilgrimage
352,sme
353,advantage
354,choice
355,check preapproved offer
356,ica
357,allen
358,sdp
359,air coolers
360,fd rates
361,emi calculator
362,check pre
363,camera
364,edge
365,iball
366,capital
367,bajaj
368,hearing
369,vu
370,emi network card
371,manipal
372,tamron
373,secure
374,health insurance
375,shopdaily
376,fd
377,low brokerage demat trading
378,home loan eligibility calculator
379,kids wear
380,working capital
381,domestic holiday
382,shopgain
383,wellness services
384,insta emi
385,check preapproved
386,reviews ratings
387,national
388,happi
389,pradhan mantri
390,flexi car loan
391,business loan doctors
392,dr batra
393,security cover
394,ca
395,plan sdp
396,air
397,air purifier
398,richfeel
399,professional
400,sme msme
401,asus
402,motor
403,trip
404,wellness
405,generators
406,institute
407,low brokerage demat
408,group emi
409,fd eligibility required documents
410,voltas
411,fertility
412,systematic deposit plan
413,tcl
414,nikon
415,handbag assure
416,eye
417,tablets
418,car finance
419,mobile phones
420,ease
421,health
422,eyewear assure
423,kids
424,professional courses
425,home loan emi calculator
426,hearing aid
427,happi mobiles
428,dh
429,mantri
430,mobile protection plan
431,tyres accessories
432,inverters generators
433,doctors
434,holiday cover
435,modular
436,home loan chartered accountants
437,suburban
438,sunglasses
439,approved offer
440,make trip
441,online
442,low
443,check pre approved offer
444,preapproved
445,sportswear
446,flexi home
447,elgi ultra
448,ehome
449,systematic deposit plan sdp
450,power backupinverters
451,loan medical emergency
452,trek
453,chartered accountants
454,nethralaya
455,trek cover
456,goibibo
457,mantri awas
458,dell
459,senior
460,pradhan mantri awas
461,education
462,watch secure
463,emi
464,approved
465,lifeeasy
466,conditioners
467,eye care
468,wedding
469,accident insurance
470,maternity
471,diagnostic
472,eligibility required documents
473,printers
474,washing machine insurance
475,painting
476,fd eligibility required
477,hub
478,formals
479,eligibility required
480,open demat
481,narayana nethralaya
482,flexi
483,tecno
484,preapproved offer
485,pre
486,party car insurance
487,washing
488,finserv health
489,deposit plan sdp calculator
490,add cover
491,lenovo
492,online trading
493,adventure cover
494,add
495,holiday package
496,backupinverters batteries
497,emi network
498,laptop
499,adventure
500,business loan chartered accountants
501,balance transfer topup
502,bike insurance
503,coolers
504,fraudulent charges
505,digital hub
506,used car
507,fitness equipment
508,career institute
509,hall
510,hitachi
511,ipo
512,maternity care
513,check pre approved
514,plan sdp calculator
515,dr
516,restoration cosmetic
517,fraudulent
518,ivf maternity
519,holiday
520,domestic international
521,emergency
522,education professional courses
523,clinic
524,oasis
525,car
526,vivo
527,easy
528,covid
529,apollo
530,sdp calculator
531,medical
532,low brokerage
533,water purifier
534,extended
535,suburban diagnostics
536,gold loan
537,ivf maternity care
538,world
539,mattresses
540,doctor
541,washing machine
542,mattress
543,tyres
544,air conditioners
545,value plus supercard
546,prime
547,sony
548,laptops
549,financial fitness report
550,homeopathy
551,systematic
552,ss communication
553,beauty treatment
554,shoes
555,dentist
556,hybrid flexi personal
557,television
558,hair restoration
559,dengue
560,fitness
561,edge supercard
562,pre approved offer
563,dental care
564,beauty
565,allen career institute
566,bike
567,dengue cover
568,fraudulent charges cover
569,women
570,business loan women
571,bajaj finserv health
572,accident
573,car tyres accessories
574,supreme mobiles
575,party
576,heater
577,mantri awas yojana
578,ease trip
579,pre approved
580,iqoo
581,ultra
582,awas yojana
583,supercard
584,smart
585,topup
586,sabka dentist
587,slimming
588,plus supercard
589,freedom supercard
590,advantage supercard
591,ruby
592,gold loan eligibility
593,cyber security cover
594,transfer topup
595,choice supercard
596,oasis fertility
597,car tyres
598,open
599,international
600,future group emi card
601,libra mattress
602,gold
603,gold loan rate
604,hybrid flexi
605,dental
606,dishtv
607,yojana
608,supreme
609,travel easy
610,smith
611,cyber security
612,shopgain supercard
613,surgery
614,bluestar
615,medical emergency
616,hp
617,future
618,hall clinic
619,power backupinverters batteries
620,ca supercard
621,hospitals
622,flipkart
623,cosmetic surgery
624,flexi car
625,pradhan mantri awas yojana
626,world plus
627,home painting
628,future group
629,ruby hall
630,dance
631,ss
632,fitness report
633,ruby hall clinic
634,startup
635,kitchen
636,cyber
637,pepperfry
638,hybrid flexi car loan
639,future group emi
640,shop smart
641,amazon
642,multispeciality hospitals
643,prime supercard
644,manipal hospitals
645,doctor supercard
646,whirlpool
647,refrigerators
648,startup business loans
649,hair restoration cosmetic
650,easy supercard
651,shopdaily supercard
652,samsung
653,domestic international holiday
654,party car
655,lifeeasy supercard
656,new
657,room heater
658,restoration cosmetic surgery
659,plus firstyearfree
660,apollo hospitals
661,domestic international holiday package
662,international holiday package
663,google
664,slimming beauty
665,travel easy supercard
666,motorola
667,international holiday
668,platinum plus
669,new mobiles
670,lava
671,world prime
672,platinum
673,startup business
674,party bike insurance
675,firstyearfree
676,platinum edge
677,hybrid flexi car
678,choice firstyearfree
679,modular kitchen
680,smart supercard
681,world plus supercard
682,platinum choice
683,plus firstyearfree supercard
684,shop smart supercard
685,platinum shopgain
686,platinum lifeeasy
687,firstyearfree supercard
688,slimming beauty treatment
689,platinum shopdaily
690,platinum advantage
691,dance accident insurance
692,world prime supercard
693,choice firstyearfree supercard
694,hair restoration cosmetic surgery
695,dance accident
696,platinum plus supercard
697,platinum edge supercard
698,platinum lifeeasy supercard
699,platinum advantage supercard
700,party bike
701,platinum shopgain supercard
702,platinum choice supercard
703,platinum shopdaily supercard
704,platinum plus firstyearfree
705,platinum plus firstyearfree supercard
706,platinum choice firstyearfree
707,platinum choice firstyearfree supercard
